{"P1": [-2.437372, -2.47058085, -2.424225983333333, -2.401146666666667, -2.0461686, -1.907461533333333, -2.083491377083333, -3.014074958333333, -5.699361406250001, -6.2252177125, -6.024017433333333, -6.169167370833333, -0.835096970833333, 4.092832364583334, 0.8574355145833333, -3.957130337499999, -5.222167272916667, -7.602293608333333, -7.536383191666666, -3.040922533333333, -3.1985475, -3.205141, -3.105191516666667, -3.10493795], "P2": [-1.96195, -1.8954, -2.004, -2.22805, -3.708566666666667, -4.376843583333334, -2.82087188125, 0.9353289104166675, 5.705410995833333, 12.87614530208333, 14.19128518541667, 15.72270052083333, 18.27951225208333, 17.40679025416667, 12.82726820625, 8.218462297916668, 8.47493263125, 2.675056945833334, -1.173918047916667, -2.965397433333333, -3.12835, -2.27053, -2.32263, -2.802036666666667], "P3": [-2.911923333333334, -3.477766666666667, -3.136041666666667, -3.580573333333334, -3.175983333333333, -2.243799358333333, -1.545695577083333, 0.2103137270833332, -1.150968095833334, -1.504644089583332, 1.582282835416667, 13.4670311, 10.45079348541667, 3.15848754375, 9.503116339583334, 5.120812302083334, 2.203300835416667, 1.45875514375, -1.402159660416667, -2.6661340375, -2.745054333333333, -2.736238833333333, -2.699755833333333, -2.947239], "B1": [-3.080809166666667, -3.0602934, -3.068139833333333, -3.0156902, -2.73681255, -2.44827935, -2.520069833333333, -4.620452483333334, -15.5720735, -14.44031546666667, -9.160142500000001, -14.86612483333333, -6.901311499999999, -3.779262333333333, -6.85387635, -13.16255766666667, -5.840596666666666, -7.478406499999999, -8.322401666666666, -3.7485556, -3.2086702, -3.2896415, -3.344948333333333, -3.45641355], "B2": [-3.0411, -3.532566666666666, -4.141783333333334, -1.782395, -1.776061666666667, -1.396111666666667, -2.705508333333333, -3.23275, -15.46741666666667, -13.28373333333333, -9.695066666666667, -10.39133333333333, -5.084566666666666, -2.1795, -2.1591, -2.02985, -1.93525, -1.96105, -1.98685, -2.01265, -2.03845, -2.06425, -2.1358, -2.188]}